Workbook

Sheet Hoja1
C1: MATRIZ DE RIESGOS
C2: Consecuencia
C3: Minima | D3: Menor | E3: Moderada | F3: Mayor | G3: Maxima
A4: Probabilidad | C4: 1 | D4: 2 | E4: 4 | F4: 8 | G4: 16
A5: Muy Alta | B5: 5 | C5: =$B5*C$4 -> 5 | D5: =$B5*D$4 -> 10 | E5: =$B5*E$4 -> 20 | F5: =$B5*F$4 -> 40 | G5: =$B5*G$4 -> 80
A6: Alta | B6: 4 | C6: =$B6*C$4 -> 4 | D6: =$B6*D$4 -> 8 | E6: =$B6*E$4 -> 16 | F6: =$B6*F$4 -> 32 | G6: =$B6*G$4 -> 64
A7: Media | B7: 3 | C7: =$B7*C$4 -> 3 | D7: =$B7*D$4 -> 6 | E7: =$B7*E$4 -> 12 | F7: =$B7*F$4 -> 24 | G7: =$B7*G$4 -> 48
A8: Baja | B8: 2 | C8: =$B8*C$4 -> 2 | D8: =$B8*D$4 -> 4 | E8: =$B8*E$4 -> 8 | F8: =$B8*F$4 -> 16 | G8: =$B8*G$4 -> 32
A9: Muy Baja | B9: 1 | C9: =$B9*C$4 -> 1 | D9: =$B9*D$4 -> 2 | E9: =$B9*E$4 -> 4 | F9: =$B9*F$4 -> 8 | G9: =$B9*G$4 -> 16
A11: Nivel de riesgo | B11: Color
A12: Riesgo aceptable
A13: Riesgo tolerable
A14: Riesgo alto
A15: Riesgo extremo

Sheet Hoja2
A1: Evento | B1: Descripcion | C1: Probabilidad | D1: Consecuencia | E1: Nivel de Riesgo | F1: Calificacion
A2: Fallo en plataforma VTEX | B2: Indisponibilidad de tienda en línea que genera una significante parte de los ingresos | C2: Baja | D2: Maxima | E2: =IFERROR(INDEX(Hoja1!$C$5:$G$9,MATCH($C2,Hoja1!$A$5:$A$9,0),MATCH($D2,Hoja1!$C$3:$G$3,0)),"-") -> 32 | F2: =E2 -> 32
A3: Incidente de seguridad de datos | B3: Brechas en datos de clientes, tarjetas de crédito o transacciones financieras | C3: Media | D3: Maxima | E3: =IFERROR(INDEX(Hoja1!$C$5:$G$9,MATCH($C3,Hoja1!$A$5:$A$9,0),MATCH($D3,Hoja1!$C$3:$G$3,0)),"-") -> 48 | F3: =E3 -> 48
A4: Desincronización de inventarios | B4: Inconsistencia entre tienda física y en línea genera pedidos no entregables | C4: Media | D4: Mayor | E4: =IFERROR(INDEX(Hoja1!$C$5:$G$9,MATCH($C4,Hoja1!$A$5:$A$9,0),MATCH($D4,Hoja1!$C$3:$G$3,0)),"-") -> 24 | F4: =E4 -> 24
A5: Fraude en tarjeta de crédito | B5: Fraude electrónico en solicitudes o transacciones de la tarjeta de "La Marina" | C5: Baja | D5: Maxima | E5: =IFERROR(INDEX(Hoja1!$C$5:$G$9,MATCH($C5,Hoja1!$A$5:$A$9,0),MATCH($D5,Hoja1!$C$3:$G$3,0)),"-") -> 32 | F5: =E5 -> 32
A6: Falta de gobernanza corporativa | B6: Decisiones desalineadas, falta de supervisión, procesos incoherentes | C6: Media | D6: Maxima | E6: =IFERROR(INDEX(Hoja1!$C$5:$G$9,MATCH($C6,Hoja1!$A$5:$A$9,0),MATCH($D6,Hoja1!$C$3:$G$3,0)),"-") -> 48 | F6: =E6 -> 48
A7: Proceso de tarjeta engorroso | B7: Solicitudes complejas y lentas afectan conversión y experiencia | C7: Alta | D7: Mayor | E7: =IFERROR(INDEX(Hoja1!$C$5:$G$9,MATCH($C7,Hoja1!$A$5:$A$9,0),MATCH($D7,Hoja1!$C$3:$G$3,0)),"-") -> 32 | F7: =E7 -> 32
A8: Problemas en logística intersucursal | B8: Negativa a trasladar productos entre sucursales, ineficiencia operativa | C8: Alta | D8: Mayor | E8: =IFERROR(INDEX(Hoja1!$C$5:$G$9,MATCH($C8,Hoja1!$A$5:$A$9,0),MATCH($D8,Hoja1!$C$3:$G$3,0)),"-") -> 32 | F8: =E8 -> 32
A9: Ciberataques a infraestructura | B9: DDoS, malware, ransomware afectando operaciones omnicanal | C9: Baja | D9: Maxima | E9: =IFERROR(INDEX(Hoja1!$C$5:$G$9,MATCH($C9,Hoja1!$A$5:$A$9,0),MATCH($D9,Hoja1!$C$3:$G$3,0)),"-") -> 32 | F9: =E9 -> 32
A10: Desconexión entre canales | B10: Sucursales trabajando de forma desconectada, falta de integración | C10: Media | D10: Moderada | E10: =IFERROR(INDEX(Hoja1!$C$5:$G$9,MATCH($C10,Hoja1!$A$5:$A$9,0),MATCH($D10,Hoja1!$C$3:$G$3,0)),"-") -> 12 | F10: =E10 -> 12
A11: Variabilidad en disponibilidad de productos | B11: Poca variedad, desabastecimientos limitando competitividad | C11: Muy Baja | D11: Moderada | E11: =IFERROR(INDEX(Hoja1!$C$5:$G$9,MATCH($C11,Hoja1!$A$5:$A$9,0),MATCH($D11,Hoja1!$C$3:$G$3,0)),"-") -> 4 | F11: =E11 -> 4
A12: Deficiencia en aplicación web | B12: Web lenta, con errores afectando experiencia del cliente | C12: Muy Alta | D12: Menor | E12: =IFERROR(INDEX(Hoja1!$C$5:$G$9,MATCH($C12,Hoja1!$A$5:$A$9,0),MATCH($D12,Hoja1!$C$3:$G$3,0)),"-") -> 10 | F12: =E12 -> 10
A13: Rotación de personal clave | B13: Pérdida de expertise en tecnología, operaciones u omnicanal | C13: Muy Alta | D13: Mayor | E13: =IFERROR(INDEX(Hoja1!$C$5:$G$9,MATCH($C13,Hoja1!$A$5:$A$9,0),MATCH($D13,Hoja1!$C$3:$G$3,0)),"-") -> 40 | F13: =E13 -> 40
... A15: Retraso en envíos | B15: Retraso en entrega de paquetes | C15: Muy Baja | D15: Moderada | E15: =IFERROR(INDEX(Hoja1!$C$5:$G$9,MATCH($C15,Hoja1!$A$5:$A$9,0),MATCH($D15,Hoja1!$C$3:$G$3,0)),"-") -> 4 | F15: =E15 -> 4
